UserID,First Name,Last Name,Test 0,Test 1,Test 2,Test 3
uid00,FName00,LName00,25.0,6.0,4.0,25.0
uid01,FName01,LName01,22.0,5.0,25.0,8.0
uid02,FName02,LName02,6.0,9.0,1.0,5.0
uid03,FName03,LName03,25.0,2.0,6.0,8.0
uid04,FName04,LName04,17.0,13.0,6.0,6.0
uid05,FName05,LName05,8.0,13.0,8.0,13.0
uid06,FName06,LName06,12.0,23.0,1.0,1.0
uid07,FName07,LName07,17.0,3.0,19.0,9.0
uid08,FName08,LName08,25.0,14.0,7.0,18.0
uid09,FName09,LName09,25.0,13.0,25.0,25.0
uid10,FName10,LName10,7.0,1.0,15.0,25.0
uid11,FName11,LName11,3.0,14.0,21.0,0.0
uid12,FName12,LName12,0.0,1.0,17.0,12.0
uid13,FName13,LName13,25.0,10.0,7.0,17.0
uid14,FName14,LName14,8.0,11.0,9.0,15.0
uid15,FName15,LName15,17.0,10.0,10.0,9.0
uid16,FName16,LName16,12.0,7.0,12.0,23.0
uid17,FName17,LName17,18.0,25.0,18.0,2.0
uid18,FName18,LName18,13.0,21.0,7.0,3.0
uid19,FName19,LName19,16.0,3.0,25.0,13.0
uid20,FName20,LName20,25.0,4.0,25.0,25.0
uid21,FName21,LName21,15.0,25.0,4.0,25.0
uid22,FName22,LName22,25.0,9.0,12.0,4.0
uid23,FName23,LName23,25.0,14.0,3.0,4.0
uid24,FName24,LName24,25.0,23.0,16.0,15.0
uid25,FName25,LName25,22.0,19.0,18.0,8.0
uid26,FName26,LName26,2.0,14.0,3.0,4.0
uid27,FName27,LName27,9.0,11.0,18.0,0.0
uid28,FName28,LName28,25.0,24.0,15.0,3.0
uid29,FName29,LName29,25.0,7.0,7.0,17.0
uid30,FName30,LName30,3.0,10.0,7.0,25.0
uid31,FName31,LName31,12.0,7.0,25.0,24.0
uid32,FName32,LName32,25.0,13.0,11.0,25.0
uid33,FName33,LName33,18.0,12.0,7.0,13.0
uid34,FName34,LName34,25.0,24.0,2.0,25.0
uid35,FName35,LName35,6.0,12.0,25.0,9.0
uid36,FName36,LName36,7.0,1.0,15.0,2.0
uid37,FName37,LName37,10.0,19.0,10.0,25.0
uid38,FName38,LName38,2.0,20.0,9.0,13.0
uid39,FName39,LName39,3.0,12.0,8.0,3.0
uid40,FName40,LName40,8.0,7.0,15.0,6.0
uid41,FName41,LName41,14.0,21.0,5.0,25.0
uid42,FName42,LName42,22.0,4.0,10.0,14.0
uid43,FName43,LName43,13.0,14.0,21.0,4.0
uid44,FName44,LName44,25.0,25.0,25.0,4.0
uid45,FName45,LName45,3.0,1.0,19.0,1.0
uid46,FName46,LName46,25.0,4.0,6.0,21.0
uid47,FName47,LName47,13.0,23.0,10.0,13.0
uid48,FName48,LName48,6.0,11.0,25.0,24.0
uid49,FName49,LName49,22.0,2.0,20.0,6.0
uid50,FName50,LName50,23.0,5.0,25.0,25.0
uid51,FName51,LName51,7.0,16.0,23.0,20.0
uid52,FName52,LName52,23.0,15.0,25.0,25.0
uid53,FName53,LName53,12.0,8.0,7.0,19.0
uid54,FName54,LName54,6.0,21.0,6.0,15.0
uid55,FName55,LName55,3.0,19.0,7.0,10.0
uid56,FName56,LName56,9.0,16.0,16.0,12.0
uid57,FName57,LName57,25.0,13.0,12.0,25.0
uid58,FName58,LName58,25.0,3.0,6.0,15.0
uid59,FName59,LName59,0.0,12.0,15.0,19.0
uid60,FName60,LName60,10.0,6.0,15.0,19.0
uid61,FName61,LName61,13.0,23.0,7.0,17.0
uid62,FName62,LName62,16.0,11.0,14.0,25.0
uid63,FName63,LName63,14.0,13.0,14.0,8.0
uid64,FName64,LName64,19.0,25.0,25.0,21.0
uid65,FName65,LName65,10.0,17.0,17.0,22.0
uid66,FName66,LName66,25.0,17.0,13.0,19.0
uid67,FName67,LName67,25.0,7.0,2.0,21.0
uid68,FName68,LName68,2.0,16.0,17.0,25.0
uid69,FName69,LName69,11.0,18.0,22.0,20.0
uid70,FName70,LName70,25.0,25.0,1.0,10.0
uid71,FName71,LName71,16.0,3.0,7.0,21.0
uid72,FName72,LName72,1.0,25.0,25.0,2.0
uid73,FName73,LName73,13.0,15.0,17.0,25.0
uid74,FName74,LName74,14.0,25.0,25.0,11.0
uid75,FName75,LName75,9.0,21.0,25.0,13.0
uid76,FName76,LName76,13.0,16.0,20.0,7.0
uid77,FName77,LName77,5.0,25.0,9.0,10.0
uid78,FName78,LName78,2.0,25.0,20.0,25.0
uid79,FName79,LName79,2.0,23.0,16.0,4.0
uid80,FName80,LName80,14.0,7.0,23.0,13.0
uid81,FName81,LName81,2.0,9.0,25.0,2.0
uid82,FName82,LName82,15.0,25.0,3.0,25.0
uid83,FName83,LName83,21.0,5.0,25.0,9.0
uid84,FName84,LName84,20.0,25.0,3.0,2.0
uid85,FName85,LName85,9.0,16.0,19.0,17.0
uid86,FName86,LName86,9.0,2.0,22.0,14.0
uid87,FName87,LName87,2.0,13.0,23.0,8.0
uid88,FName88,LName88,21.0,20.0,22.0,11.0
uid89,FName89,LName89,18.0,23.0,1.0,25.0
uid90,FName90,LName90,7.0,25.0,14.0,9.0
uid91,FName91,LName91,5.0,9.0,1.0,5.0
uid92,FName92,LName92,16.0,9.0,6.0,24.0
uid93,FName93,LName93,10.0,25.0,23.0,16.0
uid94,FName94,LName94,12.0,25.0,11.0,15.0
uid95,FName95,LName95,9.0,18.0,21.0,25.0
uid96,FName96,LName96,25.0,21.0,7.0,14.0
uid97,FName97,LName97,8.0,2.0,8.0,10.0
uid98,FName98,LName98,12.0,11.0,16.0,1.0
uid99,FName99,LName99,14.0,25.0,1.0,6.0
